{
	"info": {
		"_postman_id": "fa5496a8-a3ac-471b-a6a6-26f848a27b02",
		"name": "Babilo",
		"schema": "https://schema.getpostman.com/json/collection/v2.1.0/collection.json"
	},
	"item": [
		{
			"name": "AdminReg",
			"request": {
				"method": "POST",
				"header": [],
				"body": {
					"mode": "raw",
					"raw": "{\r\n        \"adminId\": 890003,\r\n        \"password\": \"munnema\",\r\n        \"emailId\": \"pravallikagodavarthi99@gmail.com\",\r\n        \"name\":\"munnema\",\r\n        \"phoneNumber\":\"9030250490\"\r\n    }",
					"options": {
						"raw": {
							"language": "json"
						}
					}
				},
				"url": {
					"raw": "http://localhost:9090/admin/adminReg",
					"protocol": "http",
					"host": [
						"localhost"
					],
					"port": "9090",
					"path": [
						"admin",
						"adminReg"
					]
				}
			},
			"response": []
		},
		{
			"name": "UserReg",
			"request": {
				"method": "POST",
				"header": [],
				"body": {
					"mode": "raw",
					"raw": "{\r\n        \"userId\": 890003,\r\n        \"password\": \"munnema\",\r\n        \"emailId\": \"pravallikagodavarthi99@gmail.com\",\r\n        \"name\":\"munnema\",\r\n        \"phoneNumber\":\"9030250490\"\r\n    }",
					"options": {
						"raw": {
							"language": "json"
						}
					}
				},
				"url": {
					"raw": "http://localhost:9090/user/userReg",
					"protocol": "http",
					"host": [
						"localhost"
					],
					"port": "9090",
					"path": [
						"user",
						"userReg"
					]
				}
			},
			"response": []
		},
		{
			"name": "TheaterReg",
			"request": {
				"method": "POST",
				"header": [],
				"body": {
					"mode": "raw",
					"raw": "{\r\n        \"theaterId\": 890003,\r\n        \"theaterName\": \"munnema\",\r\n        \"theaterLocation\": \"Eluru\"\r\n    }",
					"options": {
						"raw": {
							"language": "json"
						}
					}
				},
				"url": {
					"raw": "http://localhost:9090/theater/theaterReg",
					"protocol": "http",
					"host": [
						"localhost"
					],
					"port": "9090",
					"path": [
						"theater",
						"theaterReg"
					]
				}
			},
			"response": []
		},
		{
			"name": "TheatersInfo",
			"request": {
				"method": "GET",
				"header": [],
				"url": {
					"raw": "http://localhost:9090/theater/theatersInfo",
					"protocol": "http",
					"host": [
						"localhost"
					],
					"port": "9090",
					"path": [
						"theater",
						"theatersInfo"
					]
				}
			},
			"response": []
		},
		{
			"name": "MovieReg",
			"request": {
				"method": "POST",
				"header": [],
				"body": {
					"mode": "raw",
					"raw": "{\r\n    \"movieName\":\"ALP\",\r\n    \"movieDirector\":\"trivikram\",\r\n    \"movieDescription\":\"movie\",\r\n    \"movieRating\":3,\r\n    \"moviePrice\":100.00\r\n}",
					"options": {
						"raw": {
							"language": "json"
						}
					}
				},
				"url": {
					"raw": "http://localhost:9090/movie/movieReg",
					"protocol": "http",
					"host": [
						"localhost"
					],
					"port": "9090",
					"path": [
						"movie",
						"movieReg"
					]
				}
			},
			"response": []
		},
		{
			"name": "MovieInfo",
			"request": {
				"method": "GET",
				"header": [],
				"url": {
					"raw": "http://localhost:9090/movie/movieInfo",
					"protocol": "http",
					"host": [
						"localhost"
					],
					"port": "9090",
					"path": [
						"movie",
						"movieInfo"
					]
				}
			},
			"response": []
		},
		{
			"name": "ScheduleReg",
			"request": {
				"method": "POST",
				"header": [],
				"body": {
					"mode": "raw",
					"raw": "{\r\n    \"theaterId\" : 123,\r\n    \"movieId\" : 123,\r\n    \"time\" : \"1:40\",\r\n    \"date\" : \"2020-10-31\",\r\n    \"seatAvailable\" : 100\r\n\r\n}",
					"options": {
						"raw": {
							"language": "json"
						}
					}
				},
				"url": {
					"raw": "http://localhost:9090/schedule/scheduleReg",
					"protocol": "http",
					"host": [
						"localhost"
					],
					"port": "9090",
					"path": [
						"schedule",
						"scheduleReg"
					]
				}
			},
			"response": []
		},
		{
			"name": "ScheduleInfo",
			"request": {
				"method": "GET",
				"header": [],
				"url": null
			},
			"response": []
		}
	]
}